{
  "users": {
    "8023190887": {
      "username": "Coelho_ofc",
      "name": "Coelho Ofc - ID: 5023704090",
      "balance": 1643.0,
      "purchases": [
        "pointblank zepetto",
        "FlyTap"
      ],
      "gifts": 0
    },
    "1492789189": {
      "username": "TioAaron",
      "name": "Tio Aaron",
      "balance": 1.0,
      "purchases": [
        "pointblank zepetto"
      ],
      "gifts": 1
    },
    "8026920314": {
      "username": "Xaa_aaa_bot",
      "name": "xAXAXAXA_bot",
      "balance": 0.0,
      "purchases": [],
      "gifts": 0
    },
    "7802909262": {
      "username": "ConfigsBrasil_bot",
      "name": "ConfigsBrasil",
      "balance": 0.0,
      "purchases": [],
      "gifts": 0
    },
    "669367112": {
      "username": "barakvl",
      "name": "BarakVL",
      "balance": 0.0,
      "purchases": [
        "pointblank zepetto"
      ],
      "gifts": 1
    },
    "6594565989": {
      "username": "gibaSuporte",
      "name": "Giba",
      "balance": 400.0,
      "purchases": [],
      "gifts": 1
    }
  },
  "configs": {
    "c49376d9-81cb-4780-95ff-0c5f1c1db93b": {
      "name": "pointblank zepetto",
      "price": 200.0,
      "filename": "c49376d9-81cb-4780-95ff-0c5f1c1db93b_pointblank zepetto.svb",
      "original_filename": "pointblank zepetto.svb"
    },
    "47a23246-fd1f-4006-8244-6ce3b6bb23ea": {
      "name": "FlyTap",
      "price": 250.0,
      "filename": "47a23246-fd1f-4006-8244-6ce3b6bb23ea_FlyTap 4.0.svb",
      "original_filename": "FlyTap 4.0.svb",
      "description": {
        "site": "N/A",
        "cpm": "N/A",
        "proxy": "N/A",
        "needs_proxy": false
      }
    },
    "d375b1fb-d79a-4636-bde1-eb4db735a86a": {
      "name": "Gympass",
      "price": 250.0,
      "filename": "d375b1fb-d79a-4636-bde1-eb4db735a86a_Gympass1.svb",
      "original_filename": "Gympass1.svb",
      "description": {
        "site": "https://wellhub.com/pt-br/plans-pricing/",
        "cpm": "5",
        "proxy": "NO",
        "needs_proxy": false
      }
    }
  },
  "purchase_logs": [
    {
      "user_id": 1492789189,
      "config_name": "pointblank zepetto",
      "price": 200.0,
      "timestamp": "2025-05-16T19:42:57.065645"
    },
    {
      "user_id": 8023190887,
      "config_name": "pointblank zepetto",
      "price": 200.0,
      "timestamp": "2025-05-16T19:43:56.136774"
    },
    {
      "user_id": 669367112,
      "config_name": "pointblank zepetto",
      "price": 200.0,
      "timestamp": "2025-05-16T20:35:16.196122"
    },
    {
      "user_id": 8023190887,
      "config_name": "FlyTap",
      "price": 250.0,
      "timestamp": "2025-05-16T21:17:44.371053"
    }
  ],
  "access_logs": [
    "User 8023190887 (Coelho_ofc) accessed /start",
    "User 8023190887 (Coelho_ofc) accessed /start",
    "User 8023190887 (Coelho_ofc) accessed /start",
    "User 8023190887 (Coelho_ofc) accessed /start",
    "User 1492789189 (TioAaron) accessed /start",
    "User 1492789189 (TioAaron) accessed /start",
    "User 8023190887 (Coelho_ofc) accessed /start",
    "User 8023190887 (Coelho_ofc) accessed /start",
    "User 8023190887 (Coelho_ofc) accessed /start",
    "User 8023190887 (Coelho_ofc) accessed /start",
    "User 8023190887 (Coelho_ofc) accessed /start",
    "User 8023190887 (Coelho_ofc) accessed /start",
    "New member 8026920314 (Xaa_aaa_bot) joined the group",
    "User 8023190887 (Coelho_ofc) accessed /start",
    "User 8023190887 (Coelho_ofc) accessed /start",
    "New member 7802909262 (ConfigsBrasil_bot) joined the group",
    "New member 7802909262 (ConfigsBrasil_bot) joined the group",
    "User 8023190887 (Coelho_ofc) accessed /start",
    "New member 669367112 (barakvl) joined the group",
    "User 8023190887 (Coelho_ofc) accessed /start",
    "User 8023190887 (Coelho_ofc) accessed /start",
    "User 8023190887 (Coelho_ofc) accessed /start",
    "User 669367112 (barakvl) accessed /start",
    "User 8023190887 (Coelho_ofc) accessed /start",
    "User 8023190887 (Coelho_ofc) accessed /start",
    "User 8023190887 (Coelho_ofc) accessed /start",
    "User 8023190887 (Coelho_ofc) accessed /start",
    "User 8023190887 (Coelho_ofc) accessed /start",
    "User 8023190887 (Coelho_ofc) accessed /start",
    "User 8023190887 (Coelho_ofc) accessed /start",
    "User 8023190887 (Coelho_ofc) accessed /start",
    "User 8023190887 (Coelho_ofc) accessed /start",
    "User 8023190887 (Coelho_ofc) accessed /start",
    "User 8023190887 (Coelho_ofc) accessed /start",
    "User 8023190887 (Coelho_ofc) accessed /start",
    "User 8023190887 (Coelho_ofc) accessed /start",
    "New member 6594565989 (gibaSuporte) joined the group",
    "User 6594565989 (gibaSuporte) accessed /start",
    "User 6594565989 (gibaSuporte) accessed /start",
    "User 6594565989 (gibaSuporte) accessed /start",
    "User 6594565989 (gibaSuporte) accessed /start",
    "User 6594565989 (gibaSuporte) accessed /start",
    "User 8023190887 (Coelho_ofc) accessed /start",
    "User 8023190887 (Coelho_ofc) accessed /start",
    "User 8023190887 (Coelho_ofc) accessed /start",
    "User 8023190887 (Coelho_ofc) accessed /start",
    "User 8023190887 (Coelho_ofc) accessed /start",
    "User 8023190887 (Coelho_ofc) accessed /start",
    "User 8023190887 (Coelho_ofc) accessed /start",
    "User 8023190887 (Coelho_ofc) accessed /start",
    "User 8023190887 (Coelho_ofc) accessed /start"
  ],
  "gift_codes": {
    "8bc84292": {
      "value": 201.0,
      "used": true,
      "user_id": 1492789189
    },
    "df9ef501": {
      "value": 200.0,
      "used": true,
      "user_id": 669367112
    },
    "34c2034a": {
      "value": 1.0,
      "used": false,
      "user_id": null
    },
    "bebb260f": {
      "value": 200.0,
      "used": false,
      "user_id": null
    },
    "52845d71": {
      "value": 300.0,
      "used": false,
      "user_id": null
    },
    "929c59d4": {
      "value": 400.0,
      "used": true,
      "user_id": 6594565989
    }
  },
  "banned_users": []
}